Workbook

Sheet Cricket
A1: Data | B1: Index No. | C1: First Name | D1: Last Name | E1: Country
A2: 1. Sachin Tendulkar (India) | B2: 1 | C2: Sachin | D2: Tendulkar | E2: India
A3: 2. Sir Don Bradman (Australia) | B3: 2 | C3: Sir Don | D3: Bradman | E3: Australia
A4: 3. Sir Vivian Richards(West Indies) | B4: 3 | C4: Sir Vivian | D4: Richards | E4: West Indies
A5: 4. Sir Garfield Sobers (West Indies) | B5: 4 | C5: Sir Garfield | D5: Sobers | E5: West Indies
A6: 5. Ricky Ponting (Australia) | B6: 5 | C6: Ricky | D6: Ponting | E6: Australia
A7: 6. Brian Lara (West Indies)
A8: 7. Jacques Kallis (South Africa)
A9: 8. Imran Khan (Pakistan)
A10: 9. Kapil Dev (India)
A11: 10. Shane Warne (Australia)
A12: 11. Muttiah Muralitharan (Sri Lanka)
A13: 12. Wasim Akram (Pakistan)
A14: 13. Rahul Dravid (India)
A15: 14. Sir Ian Botham (England)
A16: 15. Steve Waugh (Australia)
A17: 16. Virat Kohli (India)
A18: 17. Anil Kumble (India)
... A21: 20. AB de Villiers (South Africa)

Sheet City
A1: Student Name | B1: City | C1: English | D1: Math | E1: History | F1: Science
A2: Quinn | B2: Moscow
A3: Paul | B3: Buenos Aires
A4: Olivia | B4: Toronto
A5: Nancy | B5: Bangkok
A6: Michael | B6: Istanbul
A7: Laura | B7: Rome
A8: Kevin | B8: Mexico City
A9: Jane | B9: Cape Town
A10: Ian | B10: Cairo
A11: Helen | B11: Rio de Janeiro
A12: Grace | B12: Beijing
A13: Frank | B13: Sydney
... A18: Alice | B18: New York City

Sheet Student
A1: USED GPT , Vlookup, Xlookup, IF, CountIF, SumIF
A3: | Student Name | Grade | English | Math | History | Science | | B3: Student Name | C3: Grade | D3: English | E3: Math | F3: History | G3: Science | H3: Average | I3: Total | J3: Gain | K3: % | L3: Result | M3: CIty
A4: | Alice | A | 90 | 85 | 88 | 92 | | B4: =IFERROR(__xludf.DUMMYFUNCTION("REGEXEXTRACT(A4,""[A-Za-z]+"")"),"Alice") -> Alice | C4: =LEFT(B4,1) -> A | D4: 90 | E4: 85 | F4: 88 | G4: 92 | H4: =AVERAGE($D4:$G4) -> 88.75 | I4: 400 | J4: =sum($D4:$G4) -> 355 | K4: =DIVIDE($J4,$I4) -> 0.8875 | L4: =IF($J4>300,"PASS","FAIL") -> PASS | M4: =VLOOKUP("Alice",City!A2:B18,2,False) -> New York City
A5: | Bob | B | 78 | 92 | 85 | 88 | | B5: =IFERROR(__xludf.DUMMYFUNCTION("REGEXEXTRACT(A5,""[A-Za-z]+"")"),"Bob") -> Bob | C5: =LEFT(B5,1) -> B | D5: 78 | E5: 92 | F5: 85 | G5: 88 | H5: =AVERAGE($D5:$G5) -> 85.75 | I5: 400 | J5: =sum($D5:$G5) -> 343 | K5: =DIVIDE($J5,$I5) -> 0.8575 | L5: =IF($J5>300,"PASS","FAIL") -> PASS | M5: =VLOOKUP("Bob",City!A2:B18,2,False) -> London | N5: vlookup
A6: | Carol | C | 85 | 76 | 72 | 80 | | B6: =IFERROR(__xludf.DUMMYFUNCTION("REGEXEXTRACT(A6,""[A-Za-z]+"")"),"Carol") -> Carol | C6: =LEFT(B6,1) -> C | D6: 85 | E6: 76 | F6: 72 | G6: 80 | H6: =AVERAGE($D6:$G6) -> 78.25 | I6: 400 | J6: =sum($D6:$G6) -> 313 | K6: =DIVIDE($J6,$I6) -> 0.7825 | L6: =IF($J6>300,"PASS","FAIL") -> PASS | M6: {=XLOOKUP(B6,City!A:A,City!B:B)} -> Tokyo
A7: | David | B | 70 | 80 | 78 | 75 | | B7: =IFERROR(__xludf.DUMMYFUNCTION("REGEXEXTRACT(A7,""[A-Za-z]+"")"),"David") -> David | C7: =LEFT(B7,1) -> D | D7: 70 | E7: 80 | F7: 78 | G7: 75 | H7: =AVERAGE($D7:$G7) -> 75.75 | I7: 400 | J7: =sum($D7:$G7) -> 303 | K7: =DIVIDE($J7,$I7) -> 0.7575 | L7: =IF($J7>300,"PASS","FAIL") -> PASS | M7: {=XLOOKUP($B7,City!A:A,City!B:B)} -> Paris
A8: | Emily | A | 92 | 94 | 90 | 95 | | B8: =IFERROR(__xludf.DUMMYFUNCTION("REGEXEXTRACT(A8,""[A-Za-z]+"")"),"Emily") -> Emily | C8: =LEFT(B8,1) -> E | D8: 92 | E8: 94 | F8: 90 | G8: 95 | H8: =AVERAGE($D8:$G8) -> 92.75 | I8: 400 | J8: =sum($D8:$G8) -> 371 | K8: =DIVIDE($J8,$I8) -> 0.9275 | L8: =IF($J8>300,"PASS","FAIL") -> PASS | M8: {=XLOOKUP($B8,City!A:A,City!B:B)} -> Mumbai | N8: xlookup
A9: | Frank | D | 62 | 70 | 68 | 55 | | B9: =IFERROR(__xludf.DUMMYFUNCTION("REGEXEXTRACT(A9,""[A-Za-z]+"")"),"Frank") -> Frank | C9: =LEFT(B9,1) -> F | D9: 62 | E9: 70 | F9: 68 | G9: 55 | H9: =AVERAGE($D9:$G9) -> 63.75 | I9: 400 | J9: =sum($D9:$G9) -> 255 | K9: =DIVIDE($J9,$I9) -> 0.6375 | L9: =IF($J9>300,"PASS","FAIL") -> FAIL | M9: {=XLOOKUP($B9,City!A:A,City!B:B)} -> Sydney
A10: | Grace | A | 95 | 88 | 92 | 96 | | B10: =IFERROR(__xludf.DUMMYFUNCTION("REGEXEXTRACT(A10,""[A-Za-z]+"")"),"Grace") -> Grace | C10: =LEFT(B10,1) -> G | D10: 95 | E10: 88 | F10: 92 | G10: 96 | H10: =AVERAGE($D10:$G10) -> 92.75 | I10: 400 | J10: =sum($D10:$G10) -> 371 | K10: =DIVIDE($J10,$I10) -> 0.9275 | L10: =IF($J10>300,"PASS","FAIL") -> PASS | M10: {=XLOOKUP($B10,City!A:A,City!B:B)} -> Beijing
A11: | Helen | C | 75 | 72 | 70 | 68 | | B11: =IFERROR(__xludf.DUMMYFUNCTION("REGEXEXTRACT(A11,""[A-Za-z]+"")"),"Helen") -> Helen | C11: =LEFT(B11,1) -> H | D11: 75 | E11: 72 | F11: 70 | G11: 68 | H11: =AVERAGE($D11:$G11) -> 71.25 | I11: 400 | J11: =sum($D11:$G11) -> 285 | K11: =DIVIDE($J11,$I11) -> 0.7125 | L11: =IF($J11>300,"PASS","FAIL") -> FAIL | M11: {=XLOOKUP($B11,City!A:A,City!B:B)} -> Rio de Janeiro
A12: | Ian | B | 78 | 80 | 75 | 82 | | B12: =IFERROR(__xludf.DUMMYFUNCTION("REGEXEXTRACT(A12,""[A-Za-z]+"")"),"Ian") -> Ian | C12: =LEFT(B12,1) -> I | D12: 78 | E12: 80 | F12: 75 | G12: 82 | H12: =AVERAGE($D12:$G12) -> 78.75 | I12: 400 | J12: =sum($D12:$G12) -> 315 | K12: =DIVIDE($J12,$I12) -> 0.7875 | L12: =IF($J12>300,"PASS","FAIL") -> PASS | M12: {=XLOOKUP($B12,City!A:A,City!B:B)} -> Cairo
A13: | Jane | A | 88 | 90 | 92 | 86 | | B13: =IFERROR(__xludf.DUMMYFUNCTION("REGEXEXTRACT(A13,""[A-Za-z]+"")"),"Jane") -> Jane | C13: =LEFT(B13,1) -> J | D13: 88 | E13: 90 | F13: 92 | G13: 86 | H13: =AVERAGE($D13:$G13) -> 89 | I13: 400 | J13: =sum($D13:$G13) -> 356 | K13: =DIVIDE($J13,$I13) -> 0.89 | L13: =IF($J13>300,"PASS","FAIL") -> PASS | M13: {=XLOOKUP($B13,City!A:A,City!B:B)} -> Cape Town
A14: | Kevin | C | 72 | 68 | 70 | 74 | | B14: =IFERROR(__xludf.DUMMYFUNCTION("REGEXEXTRACT(A14,""[A-Za-z]+"")"),"Kevin") -> Kevin | C14: =LEFT(B14,1) -> K | D14: 72 | E14: 68 | F14: 70 | G14: 74 | H14: =AVERAGE($D14:$G14) -> 71 | I14: 400 | J14: =sum($D14:$G14) -> 284 | K14: =DIVIDE($J14,$I14) -> 0.71 | L14: =IF($J14>300,"PASS","FAIL") -> FAIL | M14: {=XLOOKUP($B14,City!A:A,City!B:B)} -> Mexico City
A15: | Laura | B | 80 | 85 | 88 | 82 | | B15: =IFERROR(__xludf.DUMMYFUNCTION("REGEXEXTRACT(A15,""[A-Za-z]+"")"),"Laura") -> Laura | C15: =LEFT(B15,1) -> L | D15: 80 | E15: 85 | F15: 88 | G15: 82 | H15: =AVERAGE($D15:$G15) -> 83.75 | I15: 400 | J15: =sum($D15:$G15) -> 335 | K15: =DIVIDE($J15,$I15) -> 0.8375 | L15: =IF($J15>300,"PASS","FAIL") -> PASS | M15: {=XLOOKUP($B15,City!A:A,City!B:B)} -> Rome
A16: | Michael | A | 92 | 94 | 90 | 95 | | B16: =IFERROR(__xludf.DUMMYFUNCTION("REGEXEXTRACT(A16,""[A-Za-z]+"")"),"Michael") -> Michael | C16: =LEFT(B16,1) -> M | D16: 92 | E16: 94 | F16: 90 | G16: 95 | H16: =AVERAGE($D16:$G16) -> 92.75 | I16: 400 | J16: =sum($D16:$G16) -> 371 | K16: =DIVIDE($J16,$I16) -> 0.9275 | L16: =IF($J16>300,"PASS","FAIL") -> PASS | M16: {=XLOOKUP($B16,City!A:A,City!B:B)} -> Istanbul
A17: | Nancy | C | 75 | 72 | 70 | 68 | | B17: =IFERROR(__xludf.DUMMYFUNCTION("REGEXEXTRACT(A17,""[A-Za-z]+"")"),"Nancy") -> Nancy | C17: =LEFT(B17,1) -> N | D17: 75 | E17: 72 | F17: 70 | G17: 68 | H17: =AVERAGE($D17:$G17) -> 71.25 | I17: 400 | J17: =sum($D17:$G17) -> 285 | K17: =DIVIDE($J17,$I17) -> 0.7125 | L17: =IF($J17>300,"PASS","FAIL") -> FAIL | M17: {=XLOOKUP($B17,City!A:A,City!B:B)} -> Bangkok
A18: | Olivia | B | 78 | 80 | 75 | 82 | | B18: =IFERROR(__xludf.DUMMYFUNCTION("REGEXEXTRACT(A18,""[A-Za-z]+"")"),"Olivia") -> Olivia | C18: =LEFT(B18,1) -> O | D18: 78 | E18: 80 | F18: 75 | G18: 82 | H18: =AVERAGE($D18:$G18) -> 78.75 | I18: 400 | J18: =sum($D18:$G18) -> 315 | K18: =DIVIDE($J18,$I18) -> 0.7875 | L18: =IF($J18>300,"PASS","FAIL") -> PASS | M18: {=XLOOKUP($B18,City!A:A,City!B:B)} -> Toronto
A19: | Paul | D | 60 | 65 | 62 | 58 | | B19: =IFERROR(__xludf.DUMMYFUNCTION("REGEXEXTRACT(A19,""[A-Za-z]+"")"),"Paul") -> Paul | C19: =LEFT(B19,1) -> P | D19: 60 | E19: 65 | F19: 62 | G19: 58 | H19: =AVERAGE($D19:$G19) -> 61.25 | I19: 400 | J19: =sum($D19:$G19) -> 245 | K19: =DIVIDE($J19,$I19) -> 0.6125 | L19: =IF($J19>300,"PASS","FAIL") -> FAIL | M19: {=XLOOKUP($B19,City!A:A,City!B:B)} -> Buenos Aires
A20: | Quinn | B | 80 | 85 | 88 | 82 | | B20: =IFERROR(__xludf.DUMMYFUNCTION("REGEXEXTRACT(A20,""[A-Za-z]+"")"),"Quinn") -> Quinn | C20: =LEFT(B20,1) -> Q | D20: 80 | E20: 85 | F20: 88 | G20: 82 | H20: =AVERAGE($D20:$G20) -> 83.75 | I20: 400 | J20: =sum($D20:$G20) -> 335 | K20: =DIVIDE($J20,$I20) -> 0.8375 | L20: =IF($J20>300,"PASS","FAIL") -> PASS | M20: {=XLOOKUP($B20,City!A:A,City!B:B)} -> Moscow
L23: Summary
L24: Pass | M24: =COUNTIF(L4:L20,"PASS") -> 12
L25: Fail | M25: =COUNTIF(L5:L21,"FAIL") -> 5
